"person","item","rater","occasion","score"
"P1","I1","R1","T1",50.416098187305
"P2","I1","R1","T1",53.9370169784867
"P3","I1","R1","T1",65.5920150264958
"P4","I1","R1","T1",53.8710527899809
"P5","I1","R1","T1",54.418331194204
"P6","I1","R1","T1",66.1920289282564
"P1","I2","R1","T1",45.1064531722444
"P2","I2","R1","T1",45.8172369205683
"P3","I2","R1","T1",60.7876874683485
"P4","I2","R1","T1",47.6668391525005
"P5","I2","R1","T1",50.0239222067845
"P6","I2","R1","T1",63.861241513077
"P1","I3","R1","T1",43.9172339103964
"P2","I3","R1","T1",45.9358281414401
"P3","I3","R1","T1",64.4011911785699
"P4","I3","R1","T1",49.4588725978851
"P5","I3","R1","T1",52.4327944329705
"P6","I3","R1","T1",63.4498602421973
"P1","I4","R1","T1",47.9276690297634
"P2","I4","R1","T1",50.4684746629276
"P3","I4","R1","T1",64.8914680433129
"P4","I4","R1","T1",51.94064396531
"P5","I4","R1","T1",53.0905786534624
"P6","I4","R1","T1",64.6902450582748
"P1","I1","R2","T1",47.1076170948609
"P2","I1","R2","T1",49.8102864742338
"P3","I1","R2","T1",60.6144375024094
"P4","I1","R2","T1",52.9619830580708
"P5","I1","R2","T1",51.0962980536307
"P6","I1","R2","T1",65.6920808865061
"P1","I2","R2","T1",42.5941616713054
"P2","I2","R2","T1",45.5234252618785
"P3","I2","R2","T1",59.9968526324928
"P4","I2","R2","T1",48.2835424372249
"P5","I2","R2","T1",47.1864339956873
"P6","I2","R2","T1",64.3176342291751
"P1","I3","R2","T1",46.1990808578509
"P2","I3","R2","T1",47.3472563221579
"P3","I3","R2","T1",63.6092183002266
"P4","I3","R2","T1",50.3737725384166
"P5","I3","R2","T1",51.9108183222513
"P6","I3","R2","T1",63.5998991156534
"P1","I4","R2","T1",46.572953575527
"P2","I4","R2","T1",50.5355138782133
"P3","I4","R2","T1",61.3833161948061
"P4","I4","R2","T1",52.616926417574
"P5","I4","R2","T1",50.1111122820316
"P6","I4","R2","T1",61.6479755928293
"P1","I1","R3","T1",47.1443947737322
"P2","I1","R3","T1",48.0307822857297
"P3","I1","R3","T1",62.1508787842984
"P4","I1","R3","T1",50.8378631133435
"P5","I1","R3","T1",52.9718458352903
"P6","I1","R3","T1",64.158337846984
"P1","I2","R3","T1",43.1768121619581
"P2","I2","R3","T1",46.7058706421837
"P3","I2","R3","T1",62.4982217367489
"P4","I2","R3","T1",49.1150943698173
"P5","I2","R3","T1",47.8713188129637
"P6","I2","R3","T1",61.6540553122498
"P1","I3","R3","T1",45.6680251204178
"P2","I3","R3","T1",47.4822186243242
"P3","I3","R3","T1",64.4526766751051
"P4","I3","R3","T1",51.9245984519788
"P5","I3","R3","T1",51.0099661763238
"P6","I3","R3","T1",63.9967877861102
"P1","I4","R3","T1",45.7121726713433
"P2","I4","R3","T1",47.7069607177199
"P3","I4","R3","T1",67.5891495519063
"P4","I4","R3","T1",50.7463897619183
"P5","I4","R3","T1",52.0041032507718
"P6","I4","R3","T1",62.4677265225046
"P1","I1","R1","T2",48.2890798519635
"P2","I1","R1","T2",50.3490836629422
"P3","I1","R1","T2",63.5374925952386
"P4","I1","R1","T2",52.98528288755
"P5","I1","R1","T2",54.9933612813226
"P6","I1","R1","T2",66.9118021288712
"P1","I2","R1","T2",45.3429230581851
"P2","I2","R1","T2",44.0135293287773
"P3","I2","R1","T2",59.7567564610754
"P4","I2","R1","T2",48.3585553579078
"P5","I2","R1","T2",50.471145827184
"P6","I2","R1","T2",65.7345023449592
"P1","I3","R1","T2",42.8210345693038
"P2","I3","R1","T2",43.2729875127254
"P3","I3","R1","T2",63.7922247649518
"P4","I3","R1","T2",48.7162007704604
"P5","I3","R1","T2",50.3803547531888
"P6","I3","R1","T2",64.8126186240096
"P1","I4","R1","T2",45.5217791695587
"P2","I4","R1","T2",49.1207467472555
"P3","I4","R1","T2",63.7633970062855
"P4","I4","R1","T2",51.6621531678552
"P5","I4","R1","T2",52.6945301632813
"P6","I4","R1","T2",65.7770499699432
"P1","I1","R2","T2",45.3501624625966
"P2","I1","R2","T2",47.6563608238672
"P3","I1","R2","T2",59.562272211561
"P4","I1","R2","T2",51.0222489999553
"P5","I1","R2","T2",52.6195195692649
"P6","I1","R2","T2",64.2789613810018
"P1","I2","R2","T2",40.1463416928584
"P2","I2","R2","T2",43.1544091843341
"P3","I2","R2","T2",58.2375341441371
"P4","I2","R2","T2",50.9331184446114
"P5","I2","R2","T2",48.4484699897933
"P6","I2","R2","T2",63.0463709829718
"P1","I3","R2","T2",43.7715947044356
"P2","I3","R2","T2",44.6985422226163
"P3","I3","R2","T2",62.3889130427052
"P4","I3","R2","T2",50.4566483054288
"P5","I3","R2","T2",49.3925011318758
"P6","I3","R2","T2",66.4792016817806
"P1","I4","R2","T2",43.3013017935851
"P2","I4","R2","T2",46.5940143293827
"P3","I4","R2","T2",61.9458416037206
"P4","I4","R2","T2",52.0073493575957
"P5","I4","R2","T2",49.1063832445765
"P6","I4","R2","T2",62.0368676430374
"P1","I1","R3","T2",48.6079614748457
"P2","I1","R3","T2",47.790392287266
"P3","I1","R3","T2",61.5845424157802
"P4","I1","R3","T2",50.6739552372749
"P5","I1","R3","T2",50.9992289049917
"P6","I1","R3","T2",62.0443887295228
"P1","I2","R3","T2",43.9634295629494
"P2","I2","R3","T2",46.2356159713662
"P3","I2","R3","T2",62.6709899216959
"P4","I2","R3","T2",48.6382431444517
"P5","I2","R3","T2",49.5478599164813
"P6","I2","R3","T2",62.2374437504238
"P1","I3","R3","T2",43.4421257607529
"P2","I3","R3","T2",46.3408379867579
"P3","I3","R3","T2",63.373067283667
"P4","I3","R3","T2",52.4512500404147
"P5","I3","R3","T2",51.2319643569302
"P6","I3","R3","T2",63.6564698013328
"P1","I4","R3","T2",44.2752454535976
"P2","I4","R3","T2",46.971185682981
"P3","I4","R3","T2",62.6361379293093
"P4","I4","R3","T2",50.5701529849241
"P5","I4","R3","T2",52.1040949945498
"P6","I4","R3","T2",62.6948158603938
